<?xml version="1.0" encoding="UTF-8" standalone="yes"?>
<content>
    <qradarversion>7.2.8.20170726191137</qradarversion>
    <custom_function>
        <id>1</id>
        <username>admin</username>
		<namespace>Decoders</namespace>
        <description>Given a String encoded as base64, return the original value</description>
        <name>base64Decode</name>
		<parameter_types>string</parameter_types>
		<return_type>string</return_type>
		<varargs>false</varargs>
		<execute_function_name>base64Decode</execute_function_name>
		<script_engine>javascript</script_engine>
		<script>
			function base64ToArrayBuffer(base64)
			{
				var binary_string =  Utils.general.base64Decode(base64);
				var len = binary_string.length;
				var bytes = new Uint8Array( len );
				for (var i = 0; i &lt; len; i++)
				{
					bytes[i] = binary_string.charCodeAt(i);
				}
				return bytes.buffer;
			}

			function ArrayBuffer2str(buf)
			{
			  return String.fromCharCode.apply(null, new Uint16Array(buf));
			}
			
			function base64Decode(encodedstr)
			{
				return ArrayBuffer2str(base64ToArrayBuffer(encodedstr));
			}
			
		</script>
	</custom_function>
</content>